{
  "providers": [
    {
      "type": "bitmap",
      "file": "minecraft:custom/empty.png",
      "ascent": 18,
      "height": 24,
      "chars": [
        ""
      ]
    },
    {
      "type": "bitmap",
      "file": "minecraft:custom/strength.png",
      "ascent": 18,
      "height": 24,
      "chars": [
        ""
      ]
    },
    {
      "type": "bitmap",
      "file": "minecraft:custom/heart.png",
      "ascent": 18,
      "height": 24,
      "chars": [
        ""
      ]
    },
    {
      "type": "bitmap",
      "file": "minecraft:custom/haste.png",
      "ascent": 18,
      "height": 24,
      "chars": [
        ""
      ]
    },
    {
      "type": "bitmap",
      "file": "minecraft:custom/invis.png",
      "ascent": 18,
      "height": 24,
      "chars": [
        ""
      ]
    },
    {
      "type": "bitmap",
      "file": "minecraft:custom/feather.png",
      "ascent": 18,
      "height": 24,
      "chars": [
        ""
      ]
    },
    {
      "type": "bitmap",
      "file": "minecraft:custom/frost.png",
      "ascent": 18,
      "height": 24,
      "chars": [
        ""
      ]
    },
    {
      "type": "bitmap",
      "file": "minecraft:custom/thunder.png",
      "ascent": 18,
      "height": 24,
      "chars": [
        ""
      ]
    },
    {
      "type": "bitmap",
      "file": "minecraft:custom/regen.png",
      "ascent": 18,
      "height": 24,
      "chars": [
        ""
      ]
    },
    {
      "type": "bitmap",
      "file": "minecraft:custom/ocean.png",
      "ascent": 18,
      "height": 24,
      "chars": [
        ""
      ]
    },
    {
      "type": "bitmap",
      "file": "minecraft:custom/fire.png",
      "ascent": 18,
      "height": 24,
      "chars": [
        ""
      ]
    },
    {
      "type": "bitmap",
      "file": "minecraft:custom/emerald.png",
      "ascent": 18,
      "height": 24,
      "chars": [
        ""
      ]
    },
    {
      "type": "bitmap",
      "file": "minecraft:custom/speed.png",
      "ascent": 18,
      "height": 24,
      "chars": [
        ""
      ]
    },
    {
      "type": "bitmap",
      "file": "minecraft:custom/strengthspark.png",
      "ascent": 18,
      "height": 24,
      "chars": [
        ""
      ]
    },
    {
      "type": "bitmap",
      "file": "minecraft:custom/heartspark.png",
      "ascent": 18,
      "height": 24,
      "chars": [
        ""
      ]
    },
    {
      "type": "bitmap",
      "file": "minecraft:custom/hastespark.png",
      "ascent": 18,
      "height": 24,
      "chars": [
        ""
      ]
    },
    {
      "type": "bitmap",
      "file": "minecraft:custom/invisspark.png",
      "ascent": 18,
      "height": 24,
      "chars": [
        ""
      ]
    },
    {
      "type": "bitmap",
      "file": "minecraft:custom/featherspark.png",
      "ascent": 18,
      "height": 24,
      "chars": [
        ""
      ]
    },
    {
      "type": "bitmap",
      "file": "minecraft:custom/frostspark.png",
      "ascent": 18,
      "height": 24,
      "chars": [
        ""
      ]
    },
    {
      "type": "bitmap",
      "file": "minecraft:custom/thunderspark.png",
      "ascent": 18,
      "height": 24,
      "chars": [
        ""
      ]
    },
    {
      "type": "bitmap",
      "file": "minecraft:custom/regenspark.png",
      "ascent": 18,
      "height": 24,
      "chars": [
        ""
      ]
    },
    {
      "type": "bitmap",
      "file": "minecraft:custom/oceanspark.png",
      "ascent": 18,
      "height": 24,
      "chars": [
        ""
      ]
    },
    {
      "type": "bitmap",
      "file": "minecraft:custom/firespark.png",
      "ascent": 18,
      "height": 24,
      "chars": [
        ""
      ]
    },
    {
      "type": "bitmap",
      "file": "minecraft:custom/emeraldspark.png",
      "ascent": 18,
      "height": 24,
      "chars": [
        ""
      ]
    },
    {
      "type": "bitmap",
      "file": "minecraft:custom/speedspark.png",
      "ascent": 18,
      "height": 24,
      "chars": [
        ""
      ]
    },
    {
      "type": "bitmap",
      "file": "minecraft:custom/strength2.png",
      "ascent": 18,
      "height": 24,
      "chars": [
        ""
      ]
    },
    {
      "type": "bitmap",
      "file": "minecraft:custom/heart2.png",
      "ascent": 18,
      "height": 24,
      "chars": [
        ""
      ]
    },
    {
      "type": "bitmap",
      "file": "minecraft:custom/haste2.png",
      "ascent": 18,
      "height": 24,
      "chars": [
        ""
      ]
    },
    {
      "type": "bitmap",
      "file": "minecraft:custom/invis2.png",
      "ascent": 18,
      "height": 24,
      "chars": [
        ""
      ]
    },
    {
      "type": "bitmap",
      "file": "minecraft:custom/feather2.png",
      "ascent": 18,
      "height": 24,
      "chars": [
        ""
      ]
    },
    {
      "type": "bitmap",
      "file": "minecraft:custom/frost2.png",
      "ascent": 18,
      "height": 24,
      "chars": [
        ""
      ]
    },
    {
      "type": "bitmap",
      "file": "minecraft:custom/thunder2.png",
      "ascent": 18,
      "height": 24,
      "chars": [
        ""
      ]
    },
    {
      "type": "bitmap",
      "file": "minecraft:custom/regen2.png",
      "ascent": 18,
      "height": 24,
      "chars": [
        ""
      ]
    },
    {
      "type": "bitmap",
      "file": "minecraft:custom/ocean2.png",
      "ascent": 18,
      "height": 24,
      "chars": [
        ""
      ]
    },
    {
      "type": "bitmap",
      "file": "minecraft:custom/fire2.png",
      "ascent": 18,
      "height": 24,
      "chars": [
        ""
      ]
    },
    {
      "type": "bitmap",
      "file": "minecraft:custom/emerald2.png",
      "ascent": 18,
      "height": 24,
      "chars": [
        ""
      ]
    },
    {
      "type": "bitmap",
      "file": "minecraft:custom/speed2.png",
      "ascent": 18,
      "height": 24,
      "chars": [
        ""
      ]
    },
    {
      "type": "bitmap",
      "file": "minecraft:custom/strengthspark2.png",
      "ascent": 18,
      "height": 24,
      "chars": [
        ""
      ]
    },
    {
      "type": "bitmap",
      "file": "minecraft:custom/heartspark2.png",
      "ascent": 18,
      "height": 24,
      "chars": [
        ""
      ]
    },
    {
      "type": "bitmap",
      "file": "minecraft:custom/hastespark2.png",
      "ascent": 18,
      "height": 24,
      "chars": [
        ""
      ]
    },
    {
      "type": "bitmap",
      "file": "minecraft:custom/invisspark2.png",
      "ascent": 18,
      "height": 24,
      "chars": [
        ""
      ]
    },
    {
      "type": "bitmap",
      "file": "minecraft:custom/featherspark2.png",
      "ascent": 18,
      "height": 24,
      "chars": [
        ""
      ]
    },
    {
      "type": "bitmap",
      "file": "minecraft:custom/frostspark2.png",
      "ascent": 18,
      "height": 24,
      "chars": [
        ""
      ]
    },
    {
      "type": "bitmap",
      "file": "minecraft:custom/thunderspark2.png",
      "ascent": 18,
      "height": 24,
      "chars": [
        ""
      ]
    },
    {
      "type": "bitmap",
      "file": "minecraft:custom/regenspark2.png",
      "ascent": 18,
      "height": 24,
      "chars": [
        ""
      ]
    },
    {
      "type": "bitmap",
      "file": "minecraft:custom/oceanspark2.png",
      "ascent": 18,
      "height": 24,
      "chars": [
        ""
      ]
    },
    {
      "type": "bitmap",
      "file": "minecraft:custom/firespark2.png",
      "ascent": 18,
      "height": 24,
      "chars": [
        ""
      ]
    },
    {
      "type": "bitmap",
      "file": "minecraft:custom/emeraldspark2.png",
      "ascent": 18,
      "height": 24,
      "chars": [
        ""
      ]
    },
    {
      "type": "bitmap",
      "file": "minecraft:custom/speedspark2.png",
      "ascent": 18,
      "height": 24,
      "chars": [
        ""
      ]
    },
    {
      "type": "bitmap",
      "file": "minecraft:custom/ender.png",
      "ascent": 18,
      "height": 24,
      "chars": [
        ""
      ]
    },
    {
      "type": "bitmap",
      "file": "minecraft:custom/enderspark.png",
      "ascent": 18,
      "height": 24,
      "chars": [
        ""
      ]
    }
  ]
}